Introduction to Java, Daniel, Liang, A1234
Collections in Java, Peter, Hunter, B1234book,chris,Santos,42ss94
book,Chris,snatos,49495
the bible,Emily,mad,a223394
book,brian,lolol,a22332
the book of david,Axel,julio,a49494
testing1,chris,santos,2949349a
Book ,Christian,Santos,b449493
ff,fjd,fjfj,fjjf
ff,fjd,fjfj,fjjf
boo,author,saint,saddj5
boo,author,saint,saddj5
book,author,saint,saddj5
author,chrususu,kshafk;,49439372
,,,
,,,
bible,Chrisitan,Santos,632023
Second Phase,Christian,Santos,632023
book,Chris,Santos,6685848AB
book,Chris,Santos,555530405
book,book,bool,book
book,chris,santos,4949bbjj
book,chris,santos,4949bbjj
